INSERT INTO categories (id, category_string)
VALUES
  ('hats', 'hats'),
  ('elec', 'electronics'),
  ('wcth', 'women''s clothing'),
  ('mcth', 'men''s clothing'),
  ('acsr', 'accessories');
INSERT INTO products (id, name, description, category_id, rating, price, active)
VALUES
(1, 'Palm Tree Baseball Cap', 'This zany design is perfect for a any casual outfit. Show off your style, personality and your desire to be anywhere that''s warmer than here with this piece!', 'hats', 3.6, 24.99, TRUE),
(2, '"The Quiet Life" 5-Panel Cap Courduroy Grey', 'This five-panel cap will keep you looking stlish while keeping your head cool and comfortable. Whether you''re going on a hike, working in town, or just like to mix comfort and style, this hat is for you!', 'hats', 3, 22.99, TRUE),
(3, 'NPJY Baseball Cap Golf Dad Hat Adjustable Original Classic Low Profile Cotton Hat Unconstructed Plain Cap Men Women', 'Vintage washed distressed cotton baseball cap, classic and timeless style. Soft fabric in washed style, 99% cotton made, soft, lightweight denim fabric, make sure better comfort wearing. Dad Hat, Low Profile UNCONSTRUCTED.\nAdjustable metal buckle back closure, great fit for most head sizes ensure comfort at all times. Reinforced Professionally Hemming-Stitch, lightweight but durable makes baseball cap can ensure longtime use.\nAdjustable Size - One Size Fits Most: Head Circumference: 20.8"-25.2"(Can Be Adjusted),Hat Height: 4.3",Hat Along: 2.8". Rear opening design fits women''s low ponytail comfortably.\nWide Applicable Occasion: The unisex design makes it fits for men and women for daily, sports, fishing, travel, outdoor activities, outing, etc. great idea for mother’s day, father’s day, birthday, Christmas gift for your family and friends.\nThe baseball cap adopts high quality cotton cloth with exquisite embroidery, Comfortable, Breathable, Lightweight and Durable.', 'hats', 4.4, 7.95, TRUE),
(4, 'Carhartt Men''s Canvas Cap', '100% cotton washed canvas\nCarhartt Force sweatband fights odors and FastDry technology wicks away sweat for comfort\nLight-structured, low-profile cap with pre-curved visor\nLeatherette Carhartt label sewn on front\nCarhartt embroidered on back', 'hats', 4.7, 19.99, TRUE),
(5, 'Umeepar Smile Face Baseball Cap Unstructured Cotton', 'Preminum Material: The smile face baseball dad hat are made of soft and breathable cotton, designed to keep you comfortable in the summer all day long\nOne Size fits most: The adjustable back ensure a perfect for your head, make it one size fits most women, men, youth and teens\nFeature: A low profile fit with an unstructured crown; 6 Panels; inner sweatband; sewn eyelets for ventilation\nSun Protection: The baseball cap keep the harmful sun off your face, perfect for daily wearing or outdoor activities like fishing, hunting, hiking, travelling, gardening and running\nCute Smile Face: The baseball cap has smile face embroidery on front, make it easy to look cute and chic, great for given as a gift', 'hats', 4.4, 13.99, FALSE),
(6, 'Beats Solo 4 - Wireless Bluetooth On-Ear Headphones', 'Custom acoustic architecture and updated drivers for powerful Beats sound.\nPersonalized Spatial Audio with dynamic head tracking.\nUltralight ergonomic design for all-day comfort. Flex-grip headband and ergonomically angled, adjustable ear cups for a stable fit.\nUltraPlush ear cushions are designed for comfort and durability.\nUp to 50 hours of battery life.\nFast Fuel means a quick 10-minute charge gives up to 5 hours of playback\nHigh-resolution lossless audio via USB-C or 3.5 mm audio cable.', 'elec', 4.5, 149.95, TRUE),
(7, 'Portable Charger with Cords Wires Slim 10000mAh Travel Essentials Battery Pack', '🔋【Portable charger with built in cables】Slim portable charger built-in 4 cables included 3 output cables and 1 input cable. Total 3 output cables can charge almost for all types port devices. Such as for iPhone, iPad, for Samsung, for other USB C port phones, tablets, and also for Micro devices. All in one portable charger, you would not need to carry various cables or adapter any more!!!\n🔋【6 Outputs and 3 Inputs】Portable charger has 6 outputs and 3 inputs, you may charge 6 devices max at the same time, recharge battery pack with 3 options easily. Portable charger builts in 3 output cables and another 3 outputs (Total 6 outputs), great for multi electronics users who has iPhone, android or micro devices. It also builts in 3 inputs (1 built-in recharging cord/cable, 1 usb c input, 1 micro input), which you can use any one of them to recharge battery pack conveniently.\n🔋【Super Slim, Accurate Percentage of Remaining Juice】 Slim 10000 power bank, its dimmension is 5.68''x2.63''x0.69'', and weigh only 0.53lb, portability just like a lighter cell phone, easily take it anywhere on the go. With digital led display feature, no more hassle of guessing the remaining battery and you can recharge battery pack in time conveniently. A best portable charger for all people.\n🔋【Universal compatible with All popular devices】As portable phone charger builts in all ports, multi cables, it is widely compatible with all popular cellphones or tablets. Widely compatible with iPhone 13 12 11 8 7 Series, XR, XS Max, compatibel with Samsung S22 S21 S20 A52 A32 Z fold series Z flip series and compatibel with Google Pixel series and other android phones tablets, etc...\n🔋【What will you get】1 x power bank, 1 x use manual, 1 x pouch etc. 18 Month’s support and lifetime technical support.', 'elec', 4.6, 19.99, TRUE),
(8, 'Multi Plug Wall Outlet for Home Office Dorm Room Essentials', '【9 IN 1 USB Wall Outlet】You get 4 USB charging ports (1 USB C) and 5 wide-spaced outlets; 3 side design plug extender provides large space; LED night light around the edge of the outlet extender makes life more convenient; removable screw and the plastic prong make it firmly attached to the outlets\n【Smart & Soft Night Light】Dusk-To-Dawn sensor, automatically turns on only when ambient lighting becomes insufficient. The night light is soft, warm and comfortable, great for bedroom, bathroom, nursery, hallway, kitchen and more (PS: If it doesn''t auto turn on when the light is dim or you don''t need the night light, you can touch the Sensor Switch to turn the light ON or OFF)\n【Double Stability & Wide Space】The screw included can be used to secure it on duplex outlet. The plastic prong at the back is for stable purposes also. For USB receptacle and GFCI outlet, the plastic prong needs to be cut off before use. 3-sided design and 1.7 inches large space between 5 sockets make it easier to use for all kinds of equipment\n【1 USB- C & 3 USB-A】USB C charging port features 3A Max, USB A charging port features 2.4A Max, compatible with almost all usb devices(the actual current is decided by the demand for the devices)\n【Super Safety】3 complementary surge protection circuits(TVS MOV GDT) with the minimum energy-absorbing capacity of 1050 Joules. This surge protector wall mount also has overload protection, short-circuit protection, over current protection, over-voltage protection and overheating protection', 'elec', 4.6, 9.99, TRUE),
(9, 'ZESICA Women''s Long Sleeve Textured Shirts Fall Slim fit Crewneck Casual Trendy Knit Tops', 'Size Guide: S=US 4-6, M=US 8-10, L=US 12-14, XL=US 16-18. Crafted from a soft fabric, this tshirt is lightweight and cozy for a flattering fit...', 'wcth', 4.2, 14.99, TRUE),
(10, 'PRIMODA Womens Oversized Short Sleeve T Shirts Trendy Crew Neck Loose Workout Tee Casual Summer Tops Cotton', 'Fabric: 92% Cotton + 8% Spandex. Soft, breathable and lightweight material to keep you comfortable all day...', 'wcth', 4.3, 19.99, TRUE),
(11, 'COOFANDY Men''s Linen Shirts Short Sleeve Casual Shirts Button Down Shirt for Men Beach Summer Wedding Shirt', 'COOFANDY Linen Shirt - Attention! Please check for stores that have the same name as the brand. We have received feedback...', 'mcth', 4.3, 17.99, TRUE),
(12, 'Men''s Fashion Henley Shirt Classic Short/Long Sleeve Lightweight Button Cotton T-Shirt Casual Top', 'Material: Cotton and Polyester. This short/long sleeve Henley shirt is super soft and elastic, keeping you comfortable at all times...', 'mcth', 4.1, 26.99, TRUE),
(13, 'JMIERR Men''s Casual Long Sleeves Crewneck Sweatshirts Cotton Pullover Sweatshirt for Men', 'Fabric: Our JMIERR Men''s Casual Fleece Pullover Sweatshirt is crafted from 75% Polyester + 25% Cotton, offering superior thickness...', 'mcth', 4.5, 21.99, TRUE),
(14, 'Pullover Hooded Sweatshirt for Men', 'Fleece to feel good about - Hanes EcoSmart men''s hoodie is made with cotton sourced from American farms...', 'mcth', 4.5, 13.50, TRUE),
(15, 'ANRABESS Women Oversized Sweatshirts Hoodies Fleece Crewneck Pullover Top', 'Material: Rayon and polyester, these materials are thick and comfortable, keeping you warm in the fall and winter...', 'wcth', 4.4, 29.99, TRUE),
(16, 'Trendy Queen Womens Oversized Hoodies Fleece Sweatshirts Long Sleeve', 'Material: Made of 50% polyester 50% cotton, these materials are thick and comfortable...', 'wcth', 4.6, 34.99, TRUE),
(17, 'Laptop Backpack for Work, College, Travel, Daily Backpacks', 'Quality Material: Our backpack made of practical high-quality water-resistant nylon...', 'acsr', 4.3, 15.99, TRUE),
(18, 'Woman Handbag Luxury Leather Underarm Shoulder Casual Tote Lady Soft Bucket Bag', 'Quality Material: Made of high-quality leather, our tote bag is durable and comfortable...', 'acsr', 3.9, 76.88, TRUE);
INSERT INTO product_images (id, sequence, product_id, path) VALUES
(1, 1, 1, 'https://nolanmiller-image-hosting.s3.us-east-2.amazonaws.com/ahmed-syed-6NVrH0HB_DE-unsplash.jpg'),
(2, 1, 2, 'https://nolanmiller-image-hosting.s3.us-east-2.amazonaws.com/kilyan-sockalingum-qU9uFpbfXUo-unsplash.jpg'),
(3, 1, 3, 'https://nolanmiller-image-hosting.s3.us-east-2.amazonaws.com/71wJKbKtgYL._AC_SX679_.jpg'),
(4, 2, 3, 'https://nolanmiller-image-hosting.s3.us-east-2.amazonaws.com/81QDccO8USL._AC_SX679_.jpg'),
(5, 3, 3, 'https://nolanmiller-image-hosting.s3.us-east-2.amazonaws.com/719ZGTboqoL._AC_SX679_.jpg'),
(6, 1, 4, 'https://nolanmiller-image-hosting.s3.us-east-2.amazonaws.com/61Z9dqWxi0L._AC_SX679_.jpg'),
(7, 2, 4, 'https://nolanmiller-image-hosting.s3.us-east-2.amazonaws.com/61hA0PkhyzL._AC_SX679_.jpg'),
(8, 3, 4, 'https://nolanmiller-image-hosting.s3.us-east-2.amazonaws.com/61-H9yJ2blL._AC_SX679_.jpg'),
(9, 4, 4, 'https://nolanmiller-image-hosting.s3.us-east-2.amazonaws.com/61id0Z2YhrL._AC_SX679_.jpg'),
(10, 5, 4, 'https://nolanmiller-image-hosting.s3.us-east-2.amazonaws.com/71WY3MHTolL._AC_SX679_.jpg'),
(11, 1, 6, 'https://nolanmiller-image-hosting.s3.us-east-2.amazonaws.com/510fGxoTsTL._AC_SL1500_.jpg'),
(12, 2, 6, 'https://nolanmiller-image-hosting.s3.us-east-2.amazonaws.com/71YSDLloLkL._AC_SL1500_.jpg'),
(13, 3, 6, 'https://nolanmiller-image-hosting.s3.us-east-2.amazonaws.com/61vNbXcEPVL._AC_SL1500_.jpg'),
(14, 4, 6, 'https://nolanmiller-image-hosting.s3.us-east-2.amazonaws.com/61ToyjJlKzL._AC_SL1500_.jpg'),
(15, 1, 7, 'https://nolanmiller-image-hosting.s3.us-east-2.amazonaws.com/61sqjfNvuXL._AC_SX679_.jpg'),
(16, 2, 7, 'https://nolanmiller-image-hosting.s3.us-east-2.amazonaws.com/51973wQgSfL._AC_.jpg'),
(17, 3, 7, 'https://nolanmiller-image-hosting.s3.us-east-2.amazonaws.com/71KbbZXDbtL._AC_SL1500_.jpg'),
(18, 1, 8, 'https://nolanmiller-image-hosting.s3.us-east-2.amazonaws.com/51fvNqvlFCL._AC_SL1500_.jpg'),
(19, 2, 8, 'https://nolanmiller-image-hosting.s3.us-east-2.amazonaws.com/51cQZyTp82L._AC_SL1500_.jpg'),
(20, 3, 8, 'https://nolanmiller-image-hosting.s3.us-east-2.amazonaws.com/71EvGfCWn8L._AC_SL1500_.jpg'),
(21, 1, 9, 'https://nolanmiller-image-hosting.s3.us-east-2.amazonaws.com/81VPByZWSfL._AC_SX679_.jpg'),
(22, 2, 9, 'https://nolanmiller-image-hosting.s3.us-east-2.amazonaws.com/81TvnRmrUgL._AC_SX679_.jpg'),
(23, 3, 9, 'https://nolanmiller-image-hosting.s3.us-east-2.amazonaws.com/91PUHHG8NML._AC_SX679_.jpg'),
(24, 4, 9, 'https://nolanmiller-image-hosting.s3.us-east-2.amazonaws.com/912zw%2BhVGvL._AC_SX679_.jpg'),
(25, 1, 10, 'https://nolanmiller-image-hosting.s3.us-east-2.amazonaws.com/61CqjkruYyL._AC_SX679_.jpg'),
(26, 2, 10, 'https://nolanmiller-image-hosting.s3.us-east-2.amazonaws.com/61AKOl8OU3L._AC_SX679_.jpg'),
(27, 3, 10, 'https://nolanmiller-image-hosting.s3.us-east-2.amazonaws.com/617F2fGuSiL._AC_SX679_.jpg'),
(28, 4, 10, 'https://nolanmiller-image-hosting.s3.us-east-2.amazonaws.com/51w%2B0MVF58L._AC_SX679_.jpg'),
(29, 1, 11, 'https://nolanmiller-image-hosting.s3.us-east-2.amazonaws.com/81TSrTXy8TL._AC_SY879_.jpg'),
(30, 2, 11, 'https://nolanmiller-image-hosting.s3.us-east-2.amazonaws.com/81WsXrDNE1L._AC_SY879_.jpg'),
(31, 3, 11, 'https://nolanmiller-image-hosting.s3.us-east-2.amazonaws.com/91ULIiiJoTL._AC_SY879_.jpg'),
(32, 4, 11, 'https://nolanmiller-image-hosting.s3.us-east-2.amazonaws.com/91FBJ-c9H-L._AC_SY879_.jpg'),
(33, 1, 12, 'https://nolanmiller-image-hosting.s3.us-east-2.amazonaws.com/51nBcPH0gxL._AC_SX679_.jpg'),
(34, 2, 12, 'https://nolanmiller-image-hosting.s3.us-east-2.amazonaws.com/61fDEL0hZhL._AC_SY879_.jpg'),
(35, 3, 12, 'https://nolanmiller-image-hosting.s3.us-east-2.amazonaws.com/61Ysa1ooYRL._AC_SY879_.jpg'),
(36, 1, 13, 'https://nolanmiller-image-hosting.s3.us-east-2.amazonaws.com/71Mw8hNAE8L._AC_SY879_.jpg'),
(37, 2, 13, 'https://nolanmiller-image-hosting.s3.us-east-2.amazonaws.com/512DDOsMVXL._AC_.jpg'),
(38, 3, 13, 'https://nolanmiller-image-hosting.s3.us-east-2.amazonaws.com/51vEP8DWYkL._AC_.jpg'),
(39, 4, 13, 'https://nolanmiller-image-hosting.s3.us-east-2.amazonaws.com/81KNimbjmaL._AC_SY879_.jpg'),
(40, 1, 14, 'https://nolanmiller-image-hosting.s3.us-east-2.amazonaws.com/61d0Fhf4RvL._AC_SX679_.jpg'),
(41, 2, 14, 'https://nolanmiller-image-hosting.s3.us-east-2.amazonaws.com/71Vdjh2xaOL._AC_SX679_.jpg'),
(42, 3, 14, 'https://nolanmiller-image-hosting.s3.us-east-2.amazonaws.com/61YS2izI88L._AC_SX679_.jpg'),
(43, 4, 14, 'https://nolanmiller-image-hosting.s3.us-east-2.amazonaws.com/71pxWFhPZFL._AC_SX679_.jpg'),
(44, 1, 15, 'https://nolanmiller-image-hosting.s3.us-east-2.amazonaws.com/711nELta93L._AC_SY879_.jpg'),
(45, 2, 15, 'https://nolanmiller-image-hosting.s3.us-east-2.amazonaws.com/61Y8I4dbsnL._AC_SY879_.jpg'),
(46, 3, 15, 'https://nolanmiller-image-hosting.s3.us-east-2.amazonaws.com/6159oX9dMjL._AC_SY879_.jpg'),
(47, 1, 16, 'https://nolanmiller-image-hosting.s3.us-east-2.amazonaws.com/71wp-f9m0-L._AC_SY879_.jpg'),
(48, 2, 16, 'https://nolanmiller-image-hosting.s3.us-east-2.amazonaws.com/61pDgjYDGlL._AC_SY879_.jpg'),
(49, 3, 16, 'https://nolanmiller-image-hosting.s3.us-east-2.amazonaws.com/61mztd%2BomwL._AC_SY879_.jpg'),
(50, 4, 16, 'https://nolanmiller-image-hosting.s3.us-east-2.amazonaws.com/611ga1HPMWL._AC_SY879_.jpg'),
(51, 5, 16, 'https://nolanmiller-image-hosting.s3.us-east-2.amazonaws.com/61gVqngAt3L._AC_SY879_.jpg'),
(52, 1, 17, 'https://nolanmiller-image-hosting.s3.us-east-2.amazonaws.com/71YL1eaJLDL._AC_SL1500_.jpg'),
(53, 2, 17, 'https://nolanmiller-image-hosting.s3.us-east-2.amazonaws.com/81-TJP4zRcL._AC_SL1500_.jpg'),
(54, 1, 18, 'https://nolanmiller-image-hosting.s3.us-east-2.amazonaws.com/61KZPUYgHZL._AC_SY695_.jpg'),
(55, 2, 18, 'https://nolanmiller-image-hosting.s3.us-east-2.amazonaws.com/61qhQ1gFkHL._AC_SY695_.jpg'),
(56, 3, 18, 'https://nolanmiller-image-hosting.s3.us-east-2.amazonaws.com/61pO2eld0zL._AC_SY695_.jpg'),
(57, 4, 18, 'https://nolanmiller-image-hosting.s3.us-east-2.amazonaws.com/61OlpAHOU7L._AC_SY695_.jpg');
